Title,Genre,Premiere Date
House of Cards,Political drama,"February 1, 2013"
Hemlock Grove,Horror/thriller,"April 19, 2013"
Orange Is the New Black,Comedy drama,"July 11, 2013"
Marco Polo,Historical drama,"December 12, 2014"
Bloodline,Thriller,"March 20, 2015"
Daredevil,Superhero legal drama,"April 10, 2015"
Sense8,Science fiction,"June 5, 2015"
Narcos,Crime drama,"August 28, 2015"
Jessica Jones,Superhero psychological thriller,"November 20, 2015"
The Get Down,Musical drama,"August 12, 2016"
Luke Cage,Neo-blaxploitation Superhero,"September 30, 2016"
The OA,Mystery,"December 16, 2016"
Iron Fist,Superhero martial arts,"March 17, 2017"
13 Reasons Why,Teen drama mystery,"March 31, 2017"
Gypsy,Psychological thriller,"June 30, 2017"
Ozark,Crime drama,"July 21, 2017"
Mindhunter,Crime drama,"October 13, 2017"
The Punisher,Superhero drama,"November 17, 2017"
Altered Carbon,Science fiction,"February 2, 2018"
Seven Seconds,Crime drama,"February 23, 2018"
The Innocents,Supernatural fiction,"August 24, 2018"
Chilling Adventures of Sabrina,Supernatural coming-of-age horror,"October 26, 2018"
Narcos: Mexico,Crime drama,"November 16, 2018"
Tidelands,Supernatural crime drama,"December 14, 2018"
The Order,Supernatural horror drama,"March 7, 2019"
Shadow,Thriller,"March 8, 2019"
Black Summer,Apocalyptic fiction drama,"April 11, 2019"
Chambers,Teen psychological thriller,"April 26, 2019"
The Society,Mystery drama,"May 10, 2019"
What/If,Social thriller anthology,"May 24, 2019"
Trinkets,Coming-of-age drama,"June 14, 2019"
Another Life,Science fiction drama,"July 25, 2019"
Wu Assassins,Supernatural martial arts drama,"August 8, 2019"
Criminal: UK,Police procedural anthology series,"September 20, 2019"
V Wars,Science fiction horror drama,"December 5, 2019"
Soundtrack,Musical drama,"December 18, 2019"
Messiah,Thriller,"January 1, 2020"
Spinning Out,Drama,"January 1, 2020"
October Faction,Horror,"January 23, 2020"
Locke & Key,Fantasy drama/Supernatural horror,"February 7, 2020"
Queen Sono,Crime drama,"February 28, 2020"
The English Game,Historical drama,"March 20, 2020"
Hollywood,Drama,"May 1, 2020"
White Lines,Drama,"May 15, 2020"
Homemade,Anthology series,"June 30, 2020"
Warrior Nun,Fantasy,"July 2, 2020"
Cursed,Fantasy,"July 17, 2020"
Young Wallander,Detective drama,"September 3, 2020"
Away,Science fiction,"September 4, 2020"
Social Distance,Anthology series,"October 15, 2020"
Grand Army,Teen drama,"October 16, 2020"
Dash & Lily,Romance,"November 10, 2020"
Tiny Pretty Things,Teen drama,"December 14, 2020"
Fate: The Winx Saga,Teen drama fantasy,"January 22, 2021"
The One,Science fiction,"March 12, 2021"
The Irregulars,Mystery drama,"March 26, 2021"
Jupiter's Legacy,Superhero epic,"May 7, 2021"
Halston,Drama,"May 14, 2021"
Jiva!,Drama,"June 24, 2021"
Sex/Life,Drama,"June 25, 2021"
Hit & Run,Thriller,"August 6, 2021"
Cowboy Bebop,Science fiction,"November 19, 2021"
Archive 81,Found footage horror,"January 14, 2022"
In From the Cold,Thriller,"January 28, 2022"
Pieces of Her,Thriller,"March 4, 2022"
Savage Beauty,Drama,"May 12, 2022"
First Kill,Horror drama,"June 10, 2022"
Resident Evil,Science fiction horror,"July 14, 2022"
Country Queen,Drama,"July 15, 2022"
Justice Served,Drama,"July 29, 2022"
Partner Track,Legal drama,"August 26, 2022"
The Imperfects,Science fiction,"September 8, 2022"
The Midnight Club,Teen horror drama,"October 7, 2022"
The Bastard Son & The Devil Himself,Fantasy drama,"October 28, 2022"
1899,Epic period mystery horror,"November 17, 2022"
Unbreakable Kimmy Schmidt,Comedy,"March 6, 2015"
Grace and Frankie,Comedy drama,"May 8, 2015"
Wet Hot American Summer: First Day of Camp,Satirical comedy,"July 31, 2015"
Master of None,Comedy,"November 6, 2015"
W/ Bob & David,Sketch comedy,"November 13, 2015"
Real Rob,Comedy,"December 1, 2015"
Love,Romantic comedy,"February 19, 2016"
Flaked,Comedy,"March 11, 2016"
Netflix Presents: The Characters,Sketch comedy,"March 11, 2016"
The Ranch,Sitcom,"April 1, 2016"
Lady Dynamite,Comedy,"May 20, 2016"
Easy,Romantic comedy anthology,"September 22, 2016"
Trailer Park Boys Out of the Park: Europe,Mockumentary,"October 28, 2016"
Santa Clarita Diet,Comedy horror,"February 3, 2017"
Girlboss,Comedy,"April 21, 2017"
Dear White People,Satirical comedy drama,"April 28, 2017"
GLOW,Comedy,"June 23, 2017"
Friends from College,Comedy,"July 14, 2017"
Atypical,Coming-of-age comedy,"August 11, 2017"
Disjointed,Comedy,"August 25, 2017"
American Vandal,Mockumentary,"September 15, 2017"
She's Gotta Have It,Comedy drama,"November 23, 2017"
Trailer Park Boys Out of the Park: USA,Mockumentary,"November 24, 2017"
Everything Sucks!,Coming-of-age comedy drama,"February 16, 2018"
On My Block,Coming-of-age comedy,"March 16, 2018"
Insatiable,Dark comedy drama,"August 10, 2018"
The Good Cop,Police procedural comedy drama,"September 21, 2018"
The Kominsky Method,Comedy,"November 16, 2018"
Russian Doll,Comedy,"February 1, 2019"
After Life,Black comedy-drama,"March 8, 2019"
Turn Up Charlie,Comedy,"March 15, 2019"
Huge in France,Comedy,"April 12, 2019"
Special,Comedy,"April 12, 2019"
Lunatics,Comedy,"April 19, 2019"
Bonding,Dark comedy,"April 24, 2019"
Dead to Me,Black comedy-drama,"May 3, 2019"
It's Bruno!,Comedy,"May 17, 2019"
Mr. Iglesias,Comedy,"June 21, 2019"
The Politician,Comedy,"September 27, 2019"
Living with Yourself,Comedy drama,"October 18, 2019"
Daybreak,Dark comedy,"October 24, 2019"
Merry Happy Whatever,Comedy,"November 28, 2019"
Astronomy Club: The Sketch Show,Sketch comedy,"December 6, 2019"
AJ and the Queen,Comedy,"January 10, 2020"
Medical Police,Comedy,"January 10, 2020"
Gentefied,Comedy drama,"February 21, 2020"
I Am Not Okay with This,Coming-of-age comedy,"February 26, 2020"
The Iliza Shlesinger Sketch Show,Sketch comedy,"April 1, 2020"
Brews Brothers,Comedy,"April 10, 2020"
#blackAF,Sitcom,"April 17, 2020"
Space Force,Workplace comedy,"May 29, 2020"
Teenage Bounty Hunters,Comedy,"August 14, 2020"
The Duchess,Comedy,"September 11, 2020"
Sneakerheads,Comedy,"September 25, 2020"
Aunty Donna's Big Ol' House of Fun,Comedy,"November 11, 2020"
The Crew,Workplace comedy,"February 15, 2021"
The Chair,Comedy drama,"August 20, 2021"
Pretty Smart,Sitcom,"October 8, 2021"
Decoupled,Comedy,"December 17, 2021"
The Woman in the House Across the Street from the Girl in the Window,Dark comedy thriller,"January 28, 2022"
Murderville,Crime comedy/Improvisational,"February 3, 2022"
Eternally Confused and Eager for Love,Comedy drama,"March 18, 2022"
Hard Cell,Mockumentary,"April 12, 2022"
The Pentaverate,Comedy,"May 5, 2022"
Uncoupled,Comedy,"July 29, 2022"
Chad and JT Go Deep,Comedy,"August 23, 2022"
Blockbuster,Workplace comedy,"November 3, 2022"
Freeridge,Comedy,"February 2, 2023"
Richie Rich,Sitcom,"February 20, 2015"
Project Mc2,Comedy,"August 7, 2015"
Fuller House,Sitcom,"February 26, 2016"
Haters Back Off,Comedy,"October 14, 2016"
One Day at a Time,Sitcom,"January 6, 2017"
A Series of Unfortunate Events,Black comedy mystery,"January 13, 2017"
Julie's Greenroom,Educational,"March 17, 2017"
Free Rein,Teen drama,"June 22, 2017"
Greenhouse Academy,Science fiction teen drama,"September 8, 2017"
Alexa & Katie,Sitcom,"March 23, 2018"
Lost in Space,Science fiction,"April 13, 2018"
The Who Was? Show,Educational,"May 11, 2018"
All About the Washingtons,Comedy,"August 10, 2018"
The Ponysitters Club,Drama,"August 10, 2018"
Best.Worst.Weekend.Ever.,Comedy,"October 19, 2018"
Brainchild,Educational,"November 2, 2018"
Prince of Peoria,Sitcom,"November 16, 2018"
No Good Nick,Sitcom,"April 15, 2019"
Malibu Rescue: The Series,Comedy,"June 3, 2019"
Family Reunion,Sitcom,"July 10, 2019"
The Dark Crystal: Age of Resistance,Fantasy,"August 30, 2019"
Team Kaylie,Sitcom,"September 23, 2019"
Raising Dion,Superhero/science fiction drama,"October 4, 2019"
Dolly Parton's Heartstrings,Anthology series,"November 22, 2019"
The Healing Powers of Dude,Family comedy,"January 13, 2020"
Ashley Garcia: Genius in Love,Comedy,"February 17, 2020"
The Letter for the King,Fantasy,"March 20, 2020"
The Big Show Show,Comedy,"April 6, 2020"
The Baby-Sitters Club,Comedy drama,"July 3, 2020"
Emily's Wonder Lab,Educational,"August 25, 2020"
Bookmarks,Educational,"September 1, 2020"
Julie and the Phantoms,Musical comedy,"September 10, 2020"
Izzy's Koala World,Educational,"September 15, 2020"
Selena: The Series,Biopic,"December 4, 2020"
Zero Chill,Sport/Teen drama,"March 15, 2021"
Waffles + Mochi,Cooking/Educational,"March 16, 2021"
Country Comfort,Sitcom,"March 19, 2021"
Dad Stop Embarrassing Me!,Sitcom,"April 14, 2021"
Scaredy Cats,Fantasy comedy,"October 1, 2021"
Super PupZ,Children's comedy,"March 31, 2022"
The Last Bus,Science fiction,"April 1, 2022"
Gymnastics Academy: A Second Chance!,Family drama,"September 16, 2022"
Phantom Pups,Children's comedy,"September 30, 2022"
Gilmore Girls: A Year in the Life,Family drama,"November 25, 2016"
Wet Hot American Summer: Ten Years Later,Satirical comedy,"August 4, 2017"
The Defenders,Superhero action/drama,"August 18, 2017"
Godless,Western,"November 22, 2017"
Maniac,Dark comedy,"September 21, 2018"
The Haunting of Hill House,Horror,"October 12, 2018"
When They See Us,Drama,"May 31, 2019"
Armistead Maupin's Tales of the City,Drama,"June 7, 2019"
The I-Land,Science fiction thriller,"September 12, 2019"
Unbelievable,Drama,"September 13, 2019"
The Stranger,Thriller,"January 30, 2020"
Self Made: Inspired by the Life of Madam C. J. Walker,Biopic,"March 20, 2020"
Unorthodox,Drama,"March 26, 2020"
The Eddy,Musical drama,"May 8, 2020"
The Haunting of Bly Manor,Horror/Gothic-Romance,"October 9, 2020"
The Queen's Gambit,Coming-of-age period drama,"October 23, 2020"
Behind Her Eyes,Psychological thriller,"February 17, 2021"
Brand New Cherry Flavor,Horror-thriller,"August 13, 2021"
Clickbait,Thriller,"August 25, 2021"
King of Boys: The Return of the King,Crime drama,"August 27, 2021"
Midnight Mass,Horror,"September 24, 2021"
Maid,Comedy drama,"October 1, 2021"
Colin in Black & White,Biopic,"October 29, 2021"
True Story,Drama,"November 24, 2021"
Stay Close,Thriller,"December 31, 2021"
Inventing Anna,Drama,"February 11, 2022"
Anatomy of a Scandal,Anthology drama,"April 15, 2022"
Blood Sisters,Thriller,"May 5, 2022"
"Boo, Bitch",Comedy,"July 8, 2022"
Keep Breathing,Survival drama,"July 28, 2022"
Echoes,Mystery thriller,"August 19, 2022"
Lost Ollie,Drama,"August 24, 2022"
Devil in Ohio,Thriller,"September 2, 2022"
From Scratch,Drama,"October 21, 2022"
The Witcher: Blood Origin,Fantasy drama,"December 25, 2022"
Treason,Spy drama,"December 26, 2022"
Kaleidoscope,Heist drama,"January 1, 2023"
Transatlantic,Historical drama,"April 7, 2023"
Florida Man,Crime drama,"April 13, 2023"
Obsession,Erotic thriller,"April 13, 2023"
BoJack Horseman,Comedy drama,"August 22, 2014"
F Is for Family,Sitcom,"December 18, 2015"
Neo Yokio,Science fantasy comedy,"September 22, 2017"
Paradise PD,Crime comedy,"August 31, 2018"
Super Drags,Superhero comedy,"November 9, 2018"
Trailer Park Boys: The Animated Series,Mockumentary,"March 31, 2019"
Tuca & Bertie,Comedy,"May 3, 2019"
The Midnight Gospel,Science fantasy/Dark comedy,"April 20, 2020"
Hoops,Sitcom,"August 21, 2020"
The Liberator,War drama,"November 11, 2020"
Bad Exorcist,Horror comedy,"December 3, 2020"
Masters of the Universe: Revelation,Science fantasy,"July 23, 2021"
Q-Force,Comedy,"September 2, 2021"
Adventure Beast,Educational/comedy,"October 22, 2021"
Inside Job,Workplace comedy/Science fiction,"October 22, 2021"
Tear Along the Dotted Line,Comedy,"November 17, 2021"
Saturday Morning All Star Hits!,Comedy,"December 10, 2021"
The Guardians of Justice,Superhero live-action animation mix,"March 1, 2022"
Castlevania,Dark fantasy action,"July 7, 2017"
Devilman Crybaby,Supernatural horror,"January 5, 2018"
B: The Beginning,Suspense,"March 2, 2018"
A.I.C.O. -Incarnation-,Science fiction,"March 9, 2018"
Sword Gai: The Animation,Supernatural,"March 23, 2018"
Lost Song,Musical fantasy,"March 31, 2018"
Aggretsuko,Workplace comedy,"April 20, 2018"
Baki,Martial arts,"June 25, 2018"
Hero Mask,Crime,"December 3, 2018"
Rilakkuma and Kaoru,Stop motion/Slice of life,"April 19, 2019"
7SEEDS,Science fiction,"June 28, 2019"
Knights of the Zodiac: Saint Seiya,Action,"July 19, 2019"
Cannon Busters,Fantasy,"August 15, 2019"
Seis Manos,Supernatural/Action,"October 3, 2019"
Dino Girl Gauko,Children's series,"November 22, 2019"
Levius,Science fiction/Action,"November 28, 2019"
The Disastrous Life of Saiki K.: Reawakened,Supernatural comedy,"December 30, 2019"
Cagaster of an Insect Cage,Science fiction,"February 6, 2020"
Ghost in the Shell: SAC_2045,Science fiction,"April 23, 2020"
Japan Sinks: 2020,Disaster,"July 9, 2020"
Transformers: War for Cybertron Trilogy: Siege,Science fiction,"July 30, 2020"
The Idhun Chronicles,Fantasy/Action,"September 10, 2020"
Dragon's Dogma,Dark fantasy/Adventure,"September 17, 2020"
Transformers: War for Cybertron Trilogy: Earthrise,Science fiction,"December 30, 2020"
High-Rise Invasion,Action horror,"February 25, 2021"
Pacific Rim: The Black,Mecha/Kaiju,"March 4, 2021"
Yasuke,Historical fantasy/Action,"April 29, 2021"
Eden,Science fiction,"May 27, 2021"
Trese,Dark fantasy/Crime,"June 10, 2021"
Resident Evil: Infinite Darkness,CG animation/Horror,"July 8, 2021"
Transformers: War for Cybertron Trilogy: Kingdom,Science fiction,"July 29, 2021"
Super Crooks,Crime,"November 25, 2021"
The Orbital Children,Science fiction adventure,"January 28, 2022"
Kotaro Lives Alone,Comedy,"March 10, 2022"
Thermae Romae Novae,Comedy,"March 28, 2022"
Rilakkuma's Theme Park Adventure,Slice of life,"August 25, 2022"
Cyberpunk: Edgerunners,Science fiction,"September 13, 2022"
Turbo Fast,Family film,"December 24, 2013"
VeggieTales in the House,Family film,"November 26, 2014"
All Hail King Julien,Family film,"December 19, 2014"
The Adventures of Puss in Boots,Family film,"January 16, 2015"
Ever After High,Family film,"February 6, 2015"
Dragons: Race to the Edge,Family film,"June 26, 2015"
Dinotrux,Family film,"August 14, 2015"
The Mr. Peabody & Sherman Show,Family film,"October 9, 2015"
Popples,Family film,"October 30, 2015"
Care Bears and Cousins,Family film,"November 6, 2015"
Dawn of the Croods,Family film,"December 24, 2015"
Lego Bionicle: The Journey to One,Family film,"March 4, 2016"
Lego Friends: The Power of Friendship,Family film,"March 4, 2016"
Kong: King of the Apes,Family film,"April 15, 2016"
Voltron: Legendary Defender,Family film,"June 10, 2016"
Justin Time GO!,Family film,"June 24, 2016"
Word Party,Family film,"July 8, 2016"
Home: Adventures with Tip & Oh,Family film,"July 29, 2016"
Ask the StoryBots,Family film,"August 12, 2016"
Kulipari: An Army of Frogs,Family film,"September 2, 2016"
Skylanders Academy,Family film,"October 28, 2016"
World of Winx,Family film,"November 4, 2016"
Luna Petunia,Family film,"December 9, 2016"
Trollhunters: Tales of Arcadia,Family film,"December 23, 2016"
Edgar Rice Burroughs' Tarzan and Jane,Family film,"January 6, 2017"
We're Lalaloopsy,Family film,"January 10, 2017"
VeggieTales in the City,Family film,"February 24, 2017"
Legend Quest,Family film,"February 24, 2017"
Buddy Thunderstruck,Family film,"March 10, 2017"
Spirit Riding Free,Family film,"May 5, 2017"
All Hail King Julien: Exiled,Family film,"May 12, 2017"
True and the Rainbow Kingdom,Family film,"August 11, 2017"
Lego Elves: Secrets of Elvendale,Family film,"September 1, 2017"
The Magic School Bus Rides Again,Family film,"September 29, 2017"
Super Monsters,Family film,"October 13, 2017"
Dinotrux Supercharged,Family film,"November 10, 2017"
Stretch Armstrong and the Flex Fighters,Family film,"November 17, 2017"
Trolls: The Beat Goes On!,Family film,"January 19, 2018"
Llama Llama,Family film,"January 26, 2018"
Luna Petunia: Return to Amazia,Family film,"February 2, 2018"
The Boss Baby: Back in Business,Family film,"April 6, 2018"
Spy Kids: Mission Critical,Family film,"April 20, 2018"
The Hollow,Family film,"June 8, 2018"
True: Magical Friends,Family film,"June 15, 2018"
True: Wonderful Wishes,Family film,"June 15, 2018"
Harvey Girls Forever!,Family film,"June 29, 2018"
The Epic Tales of Captain Underpants,Family film,"July 13, 2018"
Cupcake & Dino: General Services,Family film,"July 27, 2018"
Larva Island,Family film,"October 19, 2018"
She-Ra and the Princesses of Power,Family film,"November 13, 2018"
Kulipari: Dream Walker,Family film,"November 20, 2018"
Motown Magic,Family film,"November 20, 2018"
3Below: Tales of Arcadia,Family film,"December 21, 2018"
Pinky Malinky,Family film,"January 1, 2019"
Carmen Sandiego,Family film,"January 18, 2019"
YooHoo to the Rescue,Family film,"March 15, 2019"
Charlie's Colorforms City,Family film,"March 22, 2019"
Mighty Little Bheem,Family film,"April 12, 2019"
Twelve Forever,Family film,"July 29, 2019"
Spirit Riding Free: Pony Tales,Family film,"August 9, 2019"
Archibald's Next Big Thing,Family film,"September 6, 2019"
The Last Kids on Earth,Family film,"September 17, 2019"
Dragons: Rescue Riders,Family film,"September 27, 2019"
Legend Quest: Masters of Myth,Family film,"October 5, 2019"
Hello Ninja,Family film,"November 1, 2019"
Green Eggs and Ham,Family film,"November 8, 2019"
Fast & Furious Spy Racers,Family film,"December 26, 2019"
Go! Go! Cory Carson,Family film,"January 4, 2020"
Kipo and the Age of Wonderbeasts,Family film,"January 14, 2020"
Glitch Techs,Family film,"February 21, 2020"
Buddi,Family film,"March 20, 2020"
Spirit Riding Free: Riding Academy,Family film,"April 3, 2020"
StarBeam,Family film,"April 3, 2020"
Chico Bon Bon: Monkey with a Tool Belt,Family film,"May 8, 2020"
Rhyme Time Town,Family film,"June 19, 2020"
The Epic Tales of Captain Underpants in Space,Family film,"July 10, 2020"
Wizards: Tales of Arcadia,Family film,"August 7, 2020"
Jurassic World Camp Cretaceous,Family film,"September 18, 2020"
Mighty Express,Family film,"September 22, 2020"
Trash Truck,Family film,"November 10, 2020"
Kid Cosmic,Family film,"February 2, 2021"
Kayko and Kokosh,Family film,"February 28, 2021"
City of Ghosts,Family film,"March 5, 2021"
We the People,Family film,"July 4, 2021"
Ridley Jones,Family film,"July 13, 2021"
Johnny Test,Family film,"July 16, 2021"
Centaurworld,Family film,"July 30, 2021"
I Heart Arlo,Family film,"August 27, 2021"
A Tale Dark & Grimm,Family film,"October 8, 2021"
Maya and the Three,Family film,"October 22, 2021"
"StoryBots: Laugh, Learn, Sing",Family film,"November 16, 2021"
Word Party Presents: Math!,Family film,"December 28, 2021"
Transformers: BotBots,Family film,"March 25, 2022"
Trivia Quest,Family film,"April 1, 2022"
Battle Kitty,Family film,"April 19, 2022"
Sea of Love,Family film,"May 23, 2022"
Dead End: Paranormal Park,Family film,"June 16, 2022"
Big Tree City,Family film,"August 1, 2022"
Oni: Thunder God's Tale,Family film,"October 21, 2022"
Ludik,Drama,"August 26, 2022"
Jinn,Fantasy adventure,"June 13, 2019"
Dollar,Thriller,"August 8, 2019"
Paranormal,Supernatural drama,"November 5, 2020"
Abla Fahita: Drama Queen,Puppetry/live-action comedy,"March 15, 2021"
"Love, Life & Everything in Between",Romantic comedy,"March 10, 2022"
The Cage,Comedy drama,"October 11, 2022"
The Rain,Post-apocalyptic drama,"May 4, 2018"
Equinox,Thriller,"December 30, 2020"
The Chestnut Man,Crime drama,"September 29, 2021"
Elves,Fantasy horror,"November 28, 2021"
Chosen,Coming-of-age science fiction,"January 27, 2022"
Baby Fever,Romantic comedy drama,"June 8, 2022"
Ares,Horror drama,"January 17, 2020"
Misfit: The Series,Teen musical comedy-drama,"October 16, 2021"
Dirty Lines,Drama,"April 8, 2022"
Marseille,Political drama,"May 5, 2016"
The Hook Up Plan,Romantic comedy,"December 7, 2018"
Osmosis,Science fiction/drama,"March 29, 2019"
Family Business,Comedy,"June 28, 2019"
Marianne,Horror drama,"September 13, 2019"
Criminal: France,Police procedural anthology series,"September 20, 2019"
Vampires,Supernatural drama,"March 20, 2020"
Mortel,Supernatural drama,"November 21, 2019"
Into the Night,Science fiction,"May 1, 2020"
La Révolution,Supernatural drama,"October 16, 2020"
Dealer,Drama,"March 10, 2021"
Gone for Good,Thriller,"August 13, 2021"
Christmas Flow,Romantic comedy/Musical,"November 17, 2021"
Standing Up,Comedy drama,"March 18, 2022"
The 7 Lives of Lea,Supernatural drama,"April 28, 2022"
Off the Hook,Comedy,"September 1, 2022"
Notre-Dame,Drama,"October 19, 2022"
Dark,Science fiction,"December 1, 2017"
Dogs of Berlin,Drama,"December 7, 2018"
Criminal: Germany,Police procedural anthology series,"September 20, 2019"
Skylines,Drama,"September 27, 2019"
We Are the Wave,Drama,"November 1, 2019"
Holiday Secrets,Drama,"November 20, 2019"
Biohackers,Thriller,"August 20, 2020"
The Last Word,Comedy drama,"September 17, 2020"
Over Christmas,Comedy,"November 27, 2020"
Tribes of Europa,Science fiction,"February 19, 2021"
The Billion Dollar Code,Legal thriller,"October 7, 2021"
Life's a Glitch with Julien Bam,Science fiction comedy-drama,"October 21, 2021"
Kitz,Young adult mystery drama,"December 30, 2021"
King of Stonks,Comedy drama,"July 6, 2022"
Sacred Games,Drama,"July 6, 2018"
Ghoul,Horror,"August 24, 2018"
Selection Day,Drama,"December 28, 2018"
Leila,Drama,"June 14, 2019"
Typewriter,Horror,"July 19, 2019"
Bard of Blood,Espionage thriller,"September 27, 2019"
Taj Mahal 1989,Romantic comedy,"February 14, 2020"
Hasmukh,Comedy,"April 17, 2020"
Betaal,Thriller,"May 24, 2020"
Masaba Masaba,Drama,"August 28, 2020"
Bhaag Beanie Bhaag,Comedy,"December 4, 2020"
Bombay Begums,Drama,"March 8, 2021"
Ray,Anthology series,"June 25, 2021"
Feels Like Ishq,Anthology series,"July 23, 2021"
Call My Agent: Bollywood,Workplace dramedy,"October 29, 2021"
Aranyak,Crime thriller,"December 10, 2021"
The Fame Game,Suspense family drama,"February 25, 2022"
Mai: A Mother's Rage,Crime thriller,"April 15, 2022"
Katla,Supernatural drama,"June 17, 2021"
Suburra: Blood on Rome,Crime drama,"October 6, 2017"
Baby,Drama,"November 30, 2018"
Luna Nera,Historical drama,"January 31, 2020"
Summertime,Teen drama,"April 29, 2020"
Curon,Supernatural drama,"June 10, 2020"
Zero,Superhero,"April 21, 2021"
Generation 56k,Romantic comedy,"July 1, 2021"
Luna Park,Drama,"September 30, 2021"
An Astrological Guide for Broken Hearts,Romantic comedy,"October 27, 2021"
Framed! A Sicilian Murder Mystery,Comedy,"January 1, 2022"
"Devotion, a Story of Love and Desire",Romantic drama,"February 14, 2022"
Hibana: Spark,Drama,"June 2, 2016"
Midnight Diner: Tokyo Stories,Slice of life/Anthology series,"October 21, 2016"
Samurai Gourmet,Slice of life comedy,"March 17, 2017"
Blazing Transfer Students,Action comedy,"November 10, 2017"
Erased,Supernatural mystery,"December 15, 2017"
Jimmy: The True Story of a True Idiot,Comedy,"July 20, 2018"
Switched,Science fiction,"August 1, 2018"
The Naked Director,Period comedy drama,"August 8, 2019"
Followers,Drama,"February 27, 2020"
The Forest of Love: Deep Cut,Drama,"April 30, 2020"
Ju-On: Origins,Horror,"July 3, 2020"
Creator's File: Gold,Mockumentary,"June 3, 2021"
The Journalist,Drama,"January 13, 2022"
Fishbowl Wives,Romantic drama,"February 14, 2022"
My Only Love Song,Comedy,"June 9, 2017"
YG Future Strategy Office,Comedy,"October 5, 2018"
Kingdom,Period horror thriller,"January 25, 2019"
Persona,Anthology,"April 11, 2019"
My First First Love,Romantic comedy,"April 18, 2019"
Love Alarm,Romantic dramedy,"August 22, 2019"
My Holo Love,Science fiction romance,"February 7, 2020"
Extracurricular,Teen/crime drama,"April 29, 2020"
The School Nurse Files,Fantasy drama,"September 25, 2020"
Move to Heaven,Melodrama,"May 14, 2021"
So Not Worth It,Sitcom,"June 18, 2021"
My Name,Crime thriller,"October 15, 2021"
The Silent Sea,Science fiction thriller,"December 24, 2021"
Juvenile Justice,Legal drama,"February 25, 2022"
The Sound of Magic,Musical/Romantic fantasy,"May 6, 2022"
Nowhere Man,Thriller,"October 31, 2019"
Triad Princess,Crime drama/romance,"December 6, 2019"
The Ghost Bride,Mystery drama,"January 23, 2020"
More than Blue: The Series,Romantic drama,"October 22, 2021"
Light the Night,Suspense thriller/Melodrama,"November 26, 2021"
"Mom, Don't Do That!",Romantic dramedy,"July 15, 2022"
Shards of Her,Suspense thriller,"October 28, 2022"
Home for Christmas,Comedy drama,"December 5, 2019"
Bloodride,Horror anthology,"March 13, 2020"
Post Mortem: No One Dies in Skarnes,Supernatural drama,"August 25, 2021"
The Lørenskog Disappearance,Crime drama,"September 14, 2022"
A Storm for Christmas,Comedy drama,"December 16, 2022"
1983,Spy thriller,"November 30, 2018"
The Woods,Thriller,"June 12, 2020"
Open Your Eyes,Thriller,"August 25, 2021"
Hold Tight,Thriller,"April 22, 2022"
Cracow Monsters,Fantasy drama,"March 18, 2022"
Queen,Drama,"June 23, 2022"
Family Secrets,Comedy,"August 31, 2022"
The Green Glove Gang,Dark comedy,"October 19, 2022"
3%,Science fiction,"November 25, 2016"
The Mechanism,Crime drama,"March 23, 2018"
Samantha!,Comedy,"July 6, 2018"
Girls from Ipanema,Period drama,"March 22, 2019"
The Chosen One,Thriller drama,"June 28, 2019"
Brotherhood,Crime drama,"October 25, 2019"
Nobody's Looking,Comedy drama,"November 22, 2019"
Omniscient,Science fiction,"January 29, 2020"
Reality Z,Zombie horror,"June 10, 2020"
Kissing Game,Thriller,"July 17, 2020"
Glória,Thriller,"November 5, 2021"
Summer Heat,Drama,"January 21, 2022"
Maldivas,Comedy drama,"June 15, 2022"
Unsuspicious,Comedy,"August 17, 2022"
Only for Love,Musical drama,"September 21, 2022"
Lady Voyeur,Psychological thriller,"January 1, 2023"
The Endless Night,Drama,"January 25, 2023"
Club de Cuervos,Comedy drama,"August 7, 2015"
Estocolmo,Crime drama,"November 11, 2016"
Ingobernable,Political drama,"March 24, 2017"
Cable Girls,Period drama,"April 28, 2017"
Edha,Drama,"March 16, 2018"
Club de Cuervos Presents: The Ballad of Hugo Sánchez,Comedy,"June 17, 2018"
The House of Flowers,Comedy,"August 10, 2018"
Wild District,Crime drama,"October 19, 2018"
Diablero,Horror fantasy thriller,"December 21, 2018"
Always a Witch,Supernatural drama,"February 1, 2019"
Go! Live Your Way,Musical,"February 22, 2019"
Crime Diaries: The Candidate,Crime anthology series,"March 22, 2019"
Crime Diaries: Night Out,Crime anthology series,"May 3, 2019"
High Seas,Mystery period drama,"May 24, 2019"
Yankee,Drama,"June 14, 2019"
Green Frontier,Crime drama/thriller,"August 16, 2019"
Monarca,Family drama,"September 13, 2019"
Criminal: Spain,Police procedural anthology,"September 20, 2019"
Hache,Thriller,"November 1, 2019"
The Club,Crime drama,"November 15, 2019"
Three Days of Christmas,Drama,"December 6, 2019"
The Neighbor,Superhero comedy,"December 31, 2019"
Puerta 7,Sports crime drama,"February 21, 2020"
Unstoppable,Comedy drama,"February 28, 2020"
Almost Happy,Comedy,"May 1, 2020"
The Unremarkable Juanquini,Comedy,"May 15, 2020"
Control Z,Teen drama,"May 22, 2020"
The Search,Crime anthology series,"June 12, 2020"
Dark Desire,Thriller,"July 15, 2020"
The Great Heist,Crime drama,"August 14, 2020"
Someone Has to Die,Drama,"October 16, 2020"
The Minions of Midas,Thriller,"November 13, 2020"
The Mess You Leave Behind,Drama,"December 11, 2020"
Sky Rojo,Action drama,"March 19, 2021"
Who Killed Sara?,Crime drama,"March 24, 2021"
The Innocent,Mystery thriller,"April 30, 2021"
Somos.,Drama,"June 30, 2021"
The War Next-door,Comedy,"July 7, 2021"
The Kingdom,Crime drama,"August 13, 2021"
Everything Will Be Fine,Dramedy,"August 20, 2021"
Jaguar,Historical drama,"September 22, 2021"
The Five Juanas,Comedy drama,"October 6, 2021"
The Time It Takes,Drama,"October 29, 2021"
Rebelde,Teen drama,"January 5, 2022"
Feria: The Darkest Light,Fantasy,"January 28, 2022"
Savage Rhythm,Drama,"March 2, 2022"
Once Upon a Time... Happily Never After,Musical comedy,"March 11, 2022"
Heirs to the Land,Period drama,"April 15, 2022"
42 Days of Darkness,Crime thriller,"May 11, 2022"
Intimacy,Drama,"June 10, 2022"
You're Nothing Special,Comedy,"September 2, 2022"
The Fight for Justice: Paolo Guerrero,Biopic,"October 5, 2022"
"Belascoarán, PI",Detective drama,"October 12, 2022"
If Only,Drama,"October 28, 2022"
Quicksand,Crime drama,"April 5, 2019"
Love & Anarchy,Romantic comedy,"November 4, 2020"
The Unlikely Murderer,Crime drama miniseries,"November 5, 2021"
Anxious People,Comedy drama,"December 29, 2021"
Clark,Drama,"May 5, 2022"
The Playlist,Docu-drama miniseries,"October 13, 2022"
Paava Kadhaigal,Anthology series,"December 18, 2020"
Navarasa,Anthology series,"August 6, 2021"
Pitta Kathalu,Anthology series,"February 19, 2021"
The Stranded,Fantasy drama,"November 14, 2019"
Bangkok Breaking,Thriller,"September 23, 2021"
Hurts Like Hell,Sports drama,"July 13, 2022"
Thai Cave Rescue,Drama,"September 22, 2022"
School Tales The Series,Horror anthology,"August 10, 2022"
The Protector,Supernatural mystery,"December 14, 2018"
The Gift,Supernatural drama,"December 27, 2019"
Love 101,Teen drama,"April 24, 2020"
Ethos,Drama,"November 12, 2020"
50M2,Dark comedy,"January 27, 2021"
Wild Abandon,Drama,"March 30, 2022"
Yakamoz S-245,Drama,"April 20, 2022"
Man on Pause,Comedy,"October 7, 2022"
Hot Skull,Science fiction,"December 2, 2022"
The Brave Ones,Fantasy drama,"September 16, 2022"
Chef's Table,Culinary art,"April 26, 2015"
Making a Murderer,Crime drama,"December 18, 2015"
Chelsea Does,Comedy,"January 23, 2016"
Cooked,Culinary art,"February 19, 2016"
Last Chance U,Sport,"July 29, 2016"
Fearless,Sport,"August 19, 2016"
Chef's Table: France,Culinary art,"September 2, 2016"
Roman Empire,Historical drama,"November 11, 2016"
Captive,Documentary,"December 9, 2016"
Abstract: The Art of Design,Biography,"February 10, 2017"
Five Came Back,Historical drama,"March 31, 2017"
Hot Girls Wanted: Turned On,Documentary,"April 21, 2017"
The Keepers,Crime drama,"May 19, 2017"
Daughters of Destiny,Documentary,"July 28, 2017"
Fire Chasers,Documentary,"September 8, 2017"
The Confession Tapes,True crime,"September 8, 2017"
Jack Whitehall: Travels with My Father,Travel documentary,"September 22, 2017"
The Day I Met El Chapo,Biography,"October 20, 2017"
Shot in the Dark,True crime,"November 17, 2017"
Wormwood,Psychological drama,"December 15, 2017"
72 Dangerous Animals: Latin America,Nature,"December 22, 2017"
Dope,Documentary,"December 22, 2017"
The Toys That Made Us,Documentary,"December 22, 2017"
Rotten,Documentary,"January 5, 2018"
Drug Lords,Documentary,"January 19, 2018"
Dirty Money,Documentary,"January 26, 2018"
Coach Snoop,Sport,"February 2, 2018"
First Team: Juventus,Sport,"February 16, 2018"
Ugly Delicious,Travel documentary,"February 23, 2018"
Flint Town,Documentary,"March 2, 2018"
Girls Incarcerated,Documentary,"March 2, 2018"
Wild Wild Country,Documentary,"March 16, 2018"
Rapture,Documentary,"March 30, 2018"
Bobby Kennedy for President,History,"April 27, 2018"
Evil Genius: The True Story of America's Most Diabolical Bank Heist,True crime,"May 11, 2018"
Explained,Docuseries,"May 23, 2018"
November 13: Attack on Paris,Documentary,"June 1, 2018"
Dark Tourist,Travel documentary,"July 20, 2018"
Marching Orders,Docuseries,"August 3, 2018"
72 Dangerous Animals: Asia,Nature,"August 10, 2018"
Afflicted,Docuseries,"August 10, 2018"
Follow This,Docuseries,"August 23, 2018"
First and Last,Docuseries,"September 7, 2018"
Boca Juniors Confidential,Docuseries,"September 14, 2018"
Salt Fat Acid Heat,Travel documentary,"October 11, 2018"
FightWorld,Travel documentary,"October 12, 2018"
Terrorism Close Calls,Docuseries,"October 26, 2018"
Medal of Honor,Docuseries,"November 9, 2018"
Dogs,Docuseries,"November 16, 2018"
Vai Anitta,Docuseries,"November 16, 2018"
Inside the Real Narcos,Docuseries,"December 14, 2018"
The Innocent Man,True crime,"December 14, 2018"
7 Days Out,Docuseries,"December 21, 2018"
Murder Mountain,True crime,"December 28, 2018"
Trigger Warning with Killer Mike,Docuseries,"January 18, 2019"
Conversations with a Killer: The Ted Bundy Tapes,True crime,"January 24, 2019"
Examination of Conscience,True crime,"January 25, 2019"
Larry Charles' Dangerous World of Comedy,Docuseries,"February 15, 2019"
Losers,Sport,"March 1, 2019"
Cricket Fever: Mumbai Indians,Sport,"March 1, 2019"
The Disappearance of Madeleine McCann,True crime,"March 15, 2019"
Our Planet,Nature documentary,"April 5, 2019"
Street Food: Asia,Culinary art,"April 26, 2019"
1994,Docuseries,"May 17, 2019"
Killer Ratings,Docuseries,"May 31, 2019"
The Chef Show,Culinary art,"June 7, 2019"
The Alcàsser Murders,True crime,"June 14, 2019"
Exhibit A,True crime,"June 28, 2019"
The Last Czars,Docuseries,"July 3, 2019"
The Family,Docuseries,"August 9, 2019"
Happy Jail,Docuseries,"August 14, 2019"
Diagnosis,Docuseries,"August 16, 2019"
"The Mind, Explained",Docuseries,"September 12, 2019"
Inside Bill's Brain: Decoding Bill Gates,Docuseries,"September 20, 2019"
Living Undocumented,Docuseries,"October 2, 2019"
Unnatural Selection,Docuseries,"October 18, 2019"
"Breakfast, Lunch & Dinner",Docuseries,"October 23, 2019"
The Devil Next Door,Docuseries,"November 4, 2019"
Maradona in Mexico,Sport,"November 13, 2019"
Who Killed Little Gregory?,Docuseries,"November 20, 2019"
Narcoworld: Dope Stories,Docuseries,"November 22, 2019"
Broken,Docuseries,"November 27, 2019"
The Movies That Made Us,Docuseries,"November 29, 2019"
The Confession Killer,True crime,"December 6, 2019"
Don't F**k with Cats: Hunting an Internet Killer,True crime,"December 18, 2019"
Kevin Hart: Don't F**k This Up,Docuseries,"December 27, 2019"
Arashi's Diary -Voyage-,Docuseries,"December 31, 2019"
"Sex, Explained",Docuseries,"January 2, 2020"
Cheer,Docuseries,"January 8, 2020"
Killer Inside: The Mind of Aaron Hernandez,True crime,"January 15, 2020"
Pandemic: How to Prevent an Outbreak,Docuseries,"January 22, 2020"
Night on Earth,Nature documentary,"January 29, 2020"
The Pharmacist,Docuseries,"February 5, 2020"
Babies,Docuseries,"February 21, 2020"
The Trials of Gabriel Fernandez,Docuseries,"February 26, 2020"
"Tiger King: Murder, Mayhem and Madness",Docuseries,"March 20, 2020"
How to Fix a Drug Scandal,True crime,"April 1, 2020"
The Innocence Files,Docuseries,"April 15, 2020"
Absurd Planet,Nature documentary,"April 22, 2020"
"Coronavirus, Explained",Docuseries,"April 26, 2020"
Trial by Media,Docuseries,"May 11, 2020"
History 101,Docuseries,"May 22, 2020"
Jeffrey Epstein: Filthy Rich,Docuseries,"May 27, 2020"
Lenox Hill,Docuseries,"June 10, 2020"
Home Game,Docuseries,"June 26, 2020"
The Business of Drugs,Docuseries,"July 14, 2020"
Street Food: Latin America,Docuseries,"July 21, 2020"
Fear City: New York vs The Mafia,Docuseries,"July 22, 2020"
Connected,Docuseries,"August 2, 2020"
Immigration Nation,Docuseries,"August 3, 2020"
Mystery Lab,Docuseries,"August 4, 2020"
World's Most Wanted,Docuseries,"August 5, 2020"
Tiny Creatures,Nature documentary,"August 7, 2020"
High Score,Docuseries,"August 19, 2020"
Chef's Table: BBQ,Culinary art,"September 2, 2020"
La Línea: Shadow of Narco,Docuseries,"September 9, 2020"
Challenger: The Final Flight,Docuseries,"September 16, 2020"
The Playbook,Docuseries,"September 22, 2020"
A Perfect Crime,Docuseries,"September 25, 2020"
"Whose Vote Counts, Explained",Docuseries,"September 28, 2020"
Song Exploder,Docuseries,"October 2, 2020"
Bad Boy Billionaires: India,Docuseries,"October 5, 2020"
Deaf U,Coming-of-age documentary,"October 9, 2020"
Move,Docuseries,"October 23, 2020"
Carmel: Who Killed Maria Marta?,True crime,"November 5, 2020"
Trial 4,Docuseries,"November 11, 2020"
Voices of Fire,Docuseries,"November 20, 2020"
Alien Worlds,Docuseries,"December 2, 2020"
Room 2806: The Accusation,Docuseries,"December 7, 2020"
The Surgeon's Cut,Docuseries,"December 9, 2020"
Anitta: Made In Honório,Docuseries,"December 16, 2020"
Break it All: The History of Rock in Latin America,Docuseries,"December 16, 2020"
The Ripper,Docuseries,"December 16, 2020"
SanPa: Sins of the Savior,Docuseries,"December 30, 2020"
Headspace Guide to Meditation,Docuseries,"January 1, 2021"
History of Swear Words,Docuseries,"January 5, 2021"
Surviving Death,Docuseries,"January 6, 2021"
Pretend It's a City,Docuseries,"January 8, 2021"
Night Stalker: The Hunt For a Serial Killer,True crime,"January 13, 2021"
Spycraft,Docuseries,"January 20, 2021"
We Are: The Brooklyn Saints,Sport,"January 29, 2021"
Crime Scene: The Vanishing at the Cecil Hotel,True crime,"February 10, 2021"
Amend: The Fight for America,Docuseries,"February 17, 2021"
Murder Among the Mormons,True crime,"March 3, 2021"
Nevenka: Breaking the Silence,True crime,"March 5, 2021"
The Houseboat,Docuseries,"March 9, 2021"
The Lost Pirate Kingdom,Docuseries,"March 15, 2021"
Worn Stories,Docuseries,"April 1, 2021"
This Is a Robbery: The World's Biggest Art Heist,True crime,"April 7, 2021"
My Love: Six Stories of True Love,Docuseries,"April 13, 2021"
Headspace Guide to Sleep,Docuseries,"April 28, 2021"
The Sons of Sam: A Descent Into Darkness,True crime,"May 5, 2021"
"Money, Explained",Docuseries,"May 11, 2021"
Penguin Town,Docuseries,"June 16, 2021"
Sophie: A Murder in West Cork,True crime,"June 30, 2021"
Cat People,Docuseries,"July 7, 2021"
Elize Matsunaga: Once Upon a Crime,True crime,"July 8, 2021"
How to Become a Tyrant,Docuseries,"July 9, 2021"
Heist,True crime,"July 14, 2021"
Naomi Osaka,Docuseries,"July 16, 2021"
Myth & Mogul: John DeLorean,Docuseries,"July 30, 2021"
Cocaine Cowboys: The Kings of Miami,True crime,"August 4, 2021"
John of God: The Crimes of a Spiritual Healer,True crime,"August 25, 2021"
Turning Point: 9/11 and the War on Terror,Docuseries,"September 1, 2021"
Countdown: Inspiration4 Mission to Space,Docuseries,"September 6, 2021"
Crime Stories: India Detectives,True crime,"September 22, 2021"
Monsters Inside: The 24 Faces of Billy Milligan,True crime,"September 22, 2021"
"Vendetta: Truth, Lies and The Mafia",True crime,"September 24, 2021"
A Sinister Sect: Colonia Dignidad,True crime,"October 1, 2021"
Bad Sport,Sport/True crime,"October 6, 2021"
House of Secrets: The Burari Deaths,Docuseries,"October 8, 2021"
The Raincoat Killer: Chasing a Predator in Korea,True crime,"October 22, 2021"
The Motive,True crime,"October 28, 2021"
Where is Marta?,True crime,"November 5, 2021"
Your Life is a Joke,Docuseries,"November 9, 2021"
Animal,Nature docuseries,"November 10, 2021"
Reasonable Doubt: A Tale of Two Kidnappings,True crime,"November 23, 2021"
Dig Deeper: The Disappearance of Birgit Meier,True crime,"November 26, 2021"
Voir,Docuseries,"December 6, 2021"
Tiger King: The Doc Antle Story,Docuseries,"December 10, 2021"
Stories of a Generation – with Pope Francis,Docuseries,"December 25, 2021"
Crime Scene: The Times Square Killer,True crime,"December 29, 2021"
The Puppet Master: Hunting the Ultimate Conman,True crime,"January 18, 2022"
Heavenly Bites: Mexico,Docuseries,"January 19, 2022"
Midnight Asia: Eat. Dance. Dream.,Travel documentary,"January 20, 2022"
Neymar: The Perfect Chaos,Sport,"January 25, 2022"
Jeen-Yuhs: A Kanye Trilogy,Docuseries,"February 16, 2022"
Race: Bubba Wallace,Sport,"February 22, 2022"
Worst Roommate Ever,True crime,"March 1, 2022"
The Andy Warhol Diaries,Docuseries,"March 9, 2022"
Bad Vegan: Fame. Fraud. Fugitives.,Docuseries,"March 16, 2022"
The Great Robbery of Brazil's Central Bank,True crime,"March 16, 2022"
The Principles of Pleasure,Docuseries,"March 22, 2022"
800 Meters,Docuseries,"March 25, 2022"
Johnny Hallyday: Beyond Rock,Docuseries,"March 29, 2022"
Jimmy Savile: A British Horror Story,Docuseries,"April 6, 2022"
Senzo: Murder of a Soccer Star,True crime,"April 7, 2022"
Our Great National Parks,Docuseries,"April 13, 2022"
Conversations with a Killer: The John Wayne Gacy Tapes,True crime,"April 20, 2022"
Meltdown: Three Mile Island,Docuseries,"May 4, 2022"
Wild Babies,Nature docuseries,"May 5, 2022"
The G Word with Adam Conover,Docuseries,"May 19, 2022"
Mr. Good: Cop or Crook?,True crime,"June 3, 2022"
Keep Sweet: Pray and Obey,True crime,"June 8, 2022"
"Web of Make Believe: Death, Lies and the Internet",Docuseries,"June 15, 2022"
The Future Of,Docuseries,"June 21, 2022"
The Hidden Lives of Pets,Docuseries,"June 22, 2022"
How to Change Your Mind,Docuseries,"July 12, 2022"
D. B. Cooper: Where Are You?!,True crime,"July 13, 2022"
Indian Predator: The Butcher of Delhi,True crime,"July 20, 2022"
Street Food: USA,Docuseries,"July 26, 2022"
The Most Hated Man on the Internet,Docuseries,"July 27, 2022"
Trainwreck: Woodstock '99,Docuseries,"August 3, 2022"
I Just Killed My Dad,True crime,"August 9, 2022"
Untold: The Girlfriend Who Didn't Exist,Docuseries,"August 16, 2022"
A Kidnapping Scandal: The Florence Cassez Affair,True crime,"August 25, 2022"
Club América vs Club América,Sport,"August 31, 2022"
Chef's Table: Pizza,Culinary art,"September 7, 2022"
Indian Predator: The Diary of a Serial Killer,True crime,"September 7, 2022"
Sins of Our Mother,Docuseries,"September 14, 2022"
Terim,Docuseries,"September 15, 2022"
Fortune Seller: A TV Scam,True crime,"September 21, 2022"
The Real Bling Ring: Hollywood Heist,True crime,"September 21, 2022"
Eat the Rich: The GameStop Saga,Docuseries,"September 28, 2022"
Human Playground,Docuseries,"September 30, 2022"
Aftershock: Everest and the Nepal Earthquake,Docuseries,"October 6, 2022"
Conversations with a Killer: The Jeffrey Dahmer Tapes,True crime,"October 7, 2022"
Island of the Sea Wolves,Nature documentary,"October 12, 2022"
Sue Perkins: Perfectly Legal,Docuseries,"October 13, 2022"
Take 1,Docuseries,"October 14, 2022"
Vatican Girl: The Disappearance of Emanuela Orlandi,True crime,"October 20, 2022"
Earthstorm,Docuseries,"October 27, 2022"
Indian Predator: Murder in a Courtroom,True crime,"October 28, 2022"
My Encounter with Evil,True crime,"October 28, 2022"
Killer Sally,True crime,"November 3, 2022"
FIFA Uncovered,Sport,"November 9, 2022"
"Pepsi, Where's My Jet?",Docuseries,"November 17, 2022"
Crime Scene: The Texas Killing Fields,Docuseries,"November 29, 2022"
Harry & Meghan,Docuseries,"December 8, 2022"
Beast of Bangalore: Indian Predator,Docuseries,"December 16, 2022"
Madoff: The Monster of Wall Street,True crime,"January 4, 2023"
Gunther's Millions,Docuseries,"February 1, 2023"
Bill Russell: Legend,Docuseries,"February 8, 2023"
Murdaugh Murders: A Southern Scandal,True crime,"February 22, 2023"
Monique Olivier: Accessory to Evil,True crime,"March 2, 2023"
MH370: The Plane That Disappeared,Docuseries,"March 8, 2023"
Waco: American Apocalypse,Docuseries,"March 22, 2023"
White Rabbit Project,Science investigation,"December 9, 2016"
Chasing Cameron,Celebrity,"December 27, 2016"
Ultimate Beastmaster,Competition,"February 24, 2017"
Nailed It!,Baking competition,"March 9, 2018"
Fastest Car,Motoring,"April 6, 2018"
Cooking on High,Cooking show,"June 22, 2018"
Sugar Rush,Baking competition,"July 13, 2018"
Amazing Interiors,Reality,"July 20, 2018"
Magic for Humans,Reality,"August 17, 2018"
Stay Here,Reality,"August 17, 2018"
Car Masters: Rust to Riches,Reality,"September 14, 2018"
Battlefish,Reality,"September 21, 2018"
Made in Mexico,Reality,"September 28, 2018"
Dancing Queen,Celebrity,"October 5, 2018"
Haunted,Horror,"October 19, 2018"
Westside,Music,"November 9, 2018"
The Final Table,Culinary competition,"November 20, 2018"
Death by Magic,Reality,"November 30, 2018"
Tidying Up with Marie Kondo,Reality show,"January 1, 2019"
Nailed It! Mexico,Reality,"February 8, 2019"
Dating Around,Reality,"February 14, 2019"
You vs. Wild,Interactive reality,"April 10, 2019"
Flinch,Game show,"May 3, 2019"
Jailbirds,Reality television,"May 10, 2019"
Awake: The Million Dollar Game,Reality television,"June 14, 2019"
Extreme Engagement,Reality television,"July 12, 2019"
Basketball or Nothing,Reality competition,"August 2, 2019"
Hyperdrive,Reality competition,"August 21, 2019"
Styling Hollywood,Reality television,"August 30, 2019"
Nailed It! France,Reality competition,"October 25, 2019"
Nailed It! Spain,Reality competition,"October 25, 2019"
Prank Encounters,Prank show,"October 25, 2019"
I'm with the Band: Nasty Cherry,Reality television,"November 15, 2019"
No Time for Shame,Reality television,"November 19, 2019"
Singapore Social,Reality,"November 22, 2019"
Sugar Rush Christmas,Baking competition,"November 29, 2019"
Until Dawn,Reality competition,"January 10, 2020"
Nailed It! Germany,Reality competition,"January 17, 2020"
The Goop Lab with Gwyneth Paltrow,Reality television,"January 24, 2020"
What the Love! with Karan Johar,Dating show,"January 30, 2020"
The Circle Brazil,Reality competition,"March 11, 2020"
100 Humans,Reality competition,"March 13, 2020"
The Circle France,Reality competition,"April 9, 2020"
Cooked with Cannabis,Reality competition,"April 20, 2020"
The Big Flower Fight,Reality competition,"May 18, 2020"
Floor Is Lava,Game show,"June 19, 2020"
Twogether,Travel reality,"June 26, 2020"
Say I Do,Reality,"July 1, 2020"
Southern Survival,Reality,"July 3, 2020"
Dating Around: Brazil,Reality,"July 10, 2020"
Skin Decision: Before and After,Reality,"July 15, 2020"
Sing On! Spain,Singing contest,"July 24, 2020"
Sing On! Germany,Singing contest,"August 7, 2020"
(Un)well,Reality,"August 12, 2020"
DeMarcus Family Rules,Reality,"August 19, 2020"
Million Dollar Beach House,Reality,"August 26, 2020"
Get Organized with The Home Edit,Reality,"September 9, 2020"
Sing On!,Singing contest,"September 16, 2020"
The Cabin with Bert Kreischer,Reality,"October 13, 2020"
Country Ever After,Reality,"November 6, 2020"
A Queen Is Born,Reality,"November 11, 2020"
We Are the Champions,Reality,"November 17, 2020"
Holiday Home Makeover with Mr. Christmas,Reality,"November 18, 2020"
Best Leftovers Ever!,Reality competition,"December 30, 2020"
Bling Empire,Reality,"January 15, 2021"
Buried by the Bernards,Reality,"February 12, 2021"
The Big Day,Reality,"February 14, 2021"
Canine Intervention,Reality,"February 24, 2021"
Marriage or Mortgage,Reality,"March 10, 2021"
Magic for Humans Spain,Reality,"March 26, 2021"
Haunted: Latin America,Reality show,"March 31, 2021"
The Wedding Coach,Reality,"April 7, 2021"
Pet Stars,Reality,"April 30, 2021"
"Fresh, Fried and Crispy",Travel reality,"June 9, 2021"
World's Most Amazing Vacation Rentals,Travel reality,"June 18, 2021"
Too Hot to Handle: Brazil,Dating show,"July 21, 2021"
Tattoo Redo,Reality,"July 28, 2021"
Cooking with Paris,Cooking show,"August 4, 2021"
Motel Makeover,Reality,"August 25, 2021"
Titletown High,Reality,"August 27, 2021"
How to Be a Cowboy,Reality,"September 1, 2021"
Metal Shop Masters,Reality competition,"September 10, 2021"
Too Hot to Handle: Latino,Reality,"September 15, 2021"
Jailbirds: New Orleans,Reality,"September 24, 2021"
Baking Impossible,Baking competition,"October 6, 2021"
Insiders,Reality,"October 21, 2021"
"Sex, Love & goop",Reality,"October 21, 2021"
Swap Shop,Reality,"November 9, 2021"
Love Never Lies,Reality,"November 11, 2021"
New World,Reality,"November 20, 2021"
The Fastest,Reality,"November 23, 2021"
School of Chocolate,Reality competition,"November 26, 2021"
Coming Out Colton,Reality,"December 3, 2021"
The Family That Sings Together: The Camargos,Reality,"December 9, 2021"
Twentysomethings: Austin,Reality,"December 10, 2021"
The Hungry and the Hairy,Travel reality,"December 11, 2021"
The Future Diary,Reality,"December 14, 2021"
Selling Tampa,Docu-soap,"December 15, 2021"
Hype House,Reality,"January 7, 2022"
Getting Curious with Jonathan Van Ness,Reality,"January 28, 2022"
Love Is Blind: Japan,Dating show,"February 8, 2022"
The Big Shot Game Show,Reality,"February 9, 2022"
Making Fun,Reality,"March 4, 2022"
Byron Baes,Reality,"March 9, 2022"
Queer Eye: Germany,Makeover reality,"March 9, 2022"
Life After Death with Tyler Henry,Reality,"March 11, 2022"
Bullsh*t The Game Show,Game show,"April 27, 2022"
Iron Chef: Quest for an Iron Legend,Reality competition,"June 15, 2022"
Snowflake Mountain,Reality,"June 22, 2022"
First Class,Reality,"June 23, 2022"
Pirate Gold of Adak Island,Reality,"June 29, 2022"
How to Build a Sex Room,Reality,"July 8, 2022"
Lady Tamara,Reality,"August 4, 2022"
Instant Dream Home,Reality,"August 10, 2022"
Iron Chef Brazil,Reality competition,"August 10, 2022"
Queer Eye: Brazil,Makeover reality,"August 24, 2022"
Drive Hard: The Maloof Way,Reality,"August 26, 2022"
Buy My House,Reality,"September 2, 2022"
Dated & Related,Reality,"September 2, 2022"
Who Likes My Follower?,Reality,"September 8, 2022"
Designing Miami,Reality,"September 21, 2022"
Iron Chef Mexico,Reality competition,"September 21, 2022"
Forever Queens,Reality competition,"October 2, 2022"
Easy-Bake Battle: The Home Cooking Competition,Reality competition,"October 12, 2022"
28 Days Haunted,Reality competition,"October 21, 2022"
Drink Masters,Reality competition,"October 28, 2022"
Bling Empire: New York,Reality,"January 20, 2023"
Chelsea,Late-night,"May 11, 2016"
Bill Nye Saves the World,Science,"April 21, 2017"
My Next Guest Needs No Introduction with David Letterman,Interview,"January 12, 2018"
The Joel McHale Show with Joel McHale,Comedy,"February 18, 2018"
A Little Help with Carol Burnett,Talk show,"May 4, 2018"
Busted!,Variety show,"May 4, 2018"
The Break with Michelle Wolf,Late-night,"May 27, 2018"
Norm Macdonald Has a Show,Talk show,"September 14, 2018"
The Curious Creations of Christine McConnell,Cooking show,"October 12, 2018"
Patriot Act with Hasan Minhaj,Talk show,"October 28, 2018"
The Fix,Panel show,"December 14, 2018"
J-Style Trip,Variety show,"March 21, 2020"
Frank Elstner: Just One Last Question,Talk show,"June 12, 2020"
Paik's Spirit,Talk show,"October 1, 2021"
Azcárate: No Holds Barred,Talk show,"December 28, 2021"
Alessandro Cattelan: One Simple Question,Talk show,"March 18, 2022"
Lilyhammer,Comedy drama,"February 6, 2012"
Between,Science fiction,"May 21, 2015"
Terrace House: Boys & Girls in the City,Reality television,"September 2, 2015"
Atelier,Coming of age drama,"December 1, 2015"
Good Morning Call,Slice of life/Romantic comedy,"May 13, 2016"
The Last Kingdom (season 2),Historical fiction,"July 6, 2016"
Terrace House: Aloha State,Reality television,"November 1, 2016"
Dirk Gently's Holistic Detective Agency,Comic science fiction,"December 11, 2016"
Crazyhead,Comedy horror,"December 16, 2016"
Travelers (seasons 1–2),Science fiction,"December 23, 2016"
Frontier,Historical drama,"January 20, 2017"
Anne with an E,Historical drama,"May 12, 2017"
El Chapo,Crime drama,"June 16, 2017"
Kantaro: The Sweet Tooth Salaryman,Comedy drama,"July 7, 2017"
The Worst Witch,Children's fantasy,"July 21, 2017"
Million Yen Women,Romantic dark comedy,"August 15, 2017"
Re:Mind,Psychological thriller,"October 13, 2017"
Ainori Love Wagon: Asian Journey,Reality television,"October 26, 2017"
Alias Grace,Historical drama,"November 3, 2017"
Glitch (seasons 2–3),Paranormal-drama,"November 28, 2017"
Terrace House: Opening New Doors,Reality television,"December 19, 2017"
The End of the F***ing World,Dark comedy,"January 5, 2018"
Mob Psycho 100,Supernatural/Action comedy,"January 12, 2018"
Collateral,Thriller,"March 9, 2018"
Requiem,Supernatural thriller,"March 23, 2018"
Troy: Fall of a City,Historical drama,"April 6, 2018"
The Letdown,Comedy,"April 21, 2018"
The New Legends of Monkey,Fantasy adventure,"April 27, 2018"
Safe,Thriller,"May 10, 2018"
Kiss Me First,Thriller,"June 29, 2018"
Wanderlust,Drama,"October 19, 2018"
Pine Gap,Political thriller,"December 7, 2018"
Perfume,Thriller,"December 21, 2018"
Watership Down,Animation/fantasy,"December 23, 2018"
Black Earth Rising,Thriller,"January 25, 2019"
Nightflyers,Science fiction,"February 1, 2019"
Northern Rescue,Drama,"March 1, 2019"
Traitors,Period drama,"March 29, 2019"
Tijuana,Crime drama,"April 5, 2019"
Undercover,Crime drama,"May 3, 2019"
Terrace House: Tokyo 2019–2020,Reality television,"May 14, 2019"
Ainori Love Wagon: African Journey,Reality television,"September 5, 2019"
The Spy,Espionage thriller,"September 6, 2019"
Drug Squad: Costa del Sol,Police procedural,"October 25, 2019"
Zumbo's Just Desserts (season 2),Baking reality competition,"November 17, 2019"
The Bonfire of Destiny,Historical drama,"December 26, 2019"
Dracula,Horror,"January 4, 2020"
Giri/Haji,Crime thriller,"January 10, 2020"
The Valhalla Murders,Crime drama,"March 13, 2020"
Feel Good,Comedy,"March 19, 2020"
Freud,Period thriller,"March 23, 2020"
The Last Dance,Docuseries,"April 20, 2020"
Crazy Delicious,Cooking competition,"June 24, 2020"
Alien TV,Hybrid animation,"August 21, 2020"
I Am a Killer: Released,Docuseries,"August 28, 2020"
Detention,Horror,"December 5, 2020"
Under Suspicion: Uncovering the Wesphael Case,True crime,"March 17, 2021"
The Serpent,True crime,"April 2, 2021"
Life in Colour with David Attenborough,Nature docuseries,"April 22, 2021"
Dive Club,Mystery teen drama,"September 3, 2021"
On the Verge,Comedy,"September 7, 2021"
The Girl from Oslo,Drama Thriller,"December 19, 2021"
Soil,Comedy drama,"March 17, 2022"
Borgen – Power & Glory,Political drama,"April 14, 2022"
He's Expecting,Comedy drama,"April 21, 2022"
The Perfect Mother,Crime drama,"June 3, 2022"
You Don't Know Me,Crime drama,"June 17, 2022"
Fakes,Young adult crime comedy,"September 2, 2022"
Entrapped,Thriller,"September 8, 2022"
I Am a Stalker,True crime docuseries,"October 28, 2022"
Inside Man,Crime drama,"October 31, 2022"
Trailer Park Boys (seasons 8–12),Mockumentary,"September 5, 2014"
Lovesick (seasons 2–3),Comedy,"November 17, 2016"
The Staircase (episodes 11–13),Docuseries,"June 8, 2018"
Paquita Salas (seasons 2–3),Mockumentary,"June 29, 2018"
Comedians in Cars Getting Coffee (seasons 10–11),Comedy talk show,"July 6, 2018"
Inside the World's Toughest Prisons (seasons 2–6),Docuseries,"July 6, 2018"
MeatEater (seasons 7–10),Docuseries,"October 2, 2018"
Little Things (seasons 2–4),Romantic comedy,"October 5, 2018"
Hip-Hop Evolution (seasons 2–4),Docuseries,"October 19, 2018"
The Last Kingdom (seasons 3–5),Historical drama,"November 19, 2018"
Travelers (season 3),Science fiction,"December 14, 2018"
Slasher (season 3),Horror,"May 23, 2019"
Designated Survivor (season 3),Political thriller,"June 7, 2019"
Money Heist (parts 3–5),Heist crime drama,"July 19, 2019"
QB1: Beyond the Lights (season 3),Docuseries,"August 16, 2019"
Blown Away (seasons 2–3),Reality,"January 22, 2021"
Girl from Nowhere (season 2),Teen mystery thriller anthology,"May 7, 2021"
The A List (season 2),Teen mystery thriller,"June 25, 2021"
Sexy Beasts (seasons 2–3),Dating show,"July 21, 2021"
Takki (season 3),Drama,"October 28, 2021"
El Marginal (seasons 4–5),Crime drama,"January 19, 2022"
Tiger & Bunny (season 2),Anime,"April 8, 2022"
Trailer Park Boys: Swearnet Live,Mockumentary,"October 1, 2014"
Trailer Park Boys: Live at the North Pole,Mockumentary,"November 15, 2014"
BoJack Horseman Christmas Special: Sabrina's Christmas Wish,Animation,"December 19, 2014"
Sense8: Creating the World,Making-of,"August 8, 2015"
"Trailer Park Boys: Drunk, High and Unemployed Live in Austin",Mockumentary,"December 9, 2015"
Marco Polo: One Hundred Eyes,Period drama,"December 26, 2015"
Puss in Book: Trapped in an Epic Tale,Animation/interactive fiction,"June 20, 2017"
Buddy Thunderstruck: The Maybe Pile,Animation/interactive fiction,"July 14, 2017"
DreamWorks Home: For the Holidays,Animation,"December 1, 2017"
A StoryBots Christmas,Animation,"December 1, 2017"
Stretch Armstrong: The Breakout,Animation/interactive fiction,"March 13, 2018"
Super Monsters Save Halloween,Animation,"October 5, 2018"
"Club de Cuervos Presents: I, Potro",Mockumentary,"October 19, 2018"
Free Rein: The Twelve Neighs of Christmas,Teen drama,"December 7, 2018"
Super Monsters and the Wish Star,Animation,"December 7, 2018"
Prince of Peoria: A Christmas Moose Miracle,Sitcom,"December 17, 2018"
Aggretsuko: We Wish You a Metal Christmas,Anime,"December 20, 2018"
Black Mirror: Bandersnatch,Science fiction/drama/interactive,"December 28, 2018"
Free Rein: Valentine's Day,Teen drama,"February 1, 2019"
True: Happy Hearts Day,Animation,"February 1, 2019"
Super Monsters Furever Friends,Animation,"April 16, 2019"
Malibu Rescue,Comedy,"May 13, 2019"
Oprah Winfrey Presents When They See Us Now,Interview,"June 12, 2019"
Our Planet - Behind the Scenes,Documentary,"August 4, 2019"
The Crystal Calls – Making The Dark Crystal: Age of Resistance,Documentary,"August 31, 2019"
Super Monsters Back to School,Animation,"August 16, 2019"
True: Tricky Treat Day,Animation,"September 20, 2019"
Super Monsters: Vida's First Halloween,Animation,"October 4, 2019"
The Spooky Tale of Captain Underpants Hack-a-Ween,Animation,"October 8, 2019"
My Next Guest with David Letterman and Shah Rukh Khan,Talk show,"October 25, 2019"
The House of Flowers Presents: The Funeral,Comedy,"November 1, 2019"
True: Grabbleapple Harvest,Animation,"November 1, 2019"
GO! The Unforgettable Party,Spanish language musical,"November 15, 2019"
Super Monsters Save Christmas,Animation,"November 26, 2019"
True: Winter Wishes,Animation,"November 26, 2019"
Spirit Riding Free: The Spirit of Christmas,Animation,"December 6, 2019"
A Family Reunion Christmas,Sitcom,"December 9, 2019"
Jack Whitehall: Christmas with My Father,Variety show,"December 12, 2019"
Night on Earth: Shot in the Dark,Documentary,"January 30, 2020"
Captain Underpants: Epic Choice-o-Rama,Animation/interactive fiction,"February 11, 2020"
Carmen Sandiego: To Steal or Not to Steal,Animation/interactive fiction,"March 10, 2020"
Making Unorthodox,Making-of,"March 26, 2020"
Dragons: Rescue Riders: Hunt for the Golden Dragon,Animation,"March 27, 2020"
True: Wuzzle Wegg Day,Animation,"March 27, 2020"
Money Heist: The Phenomenon,Documentary,"April 3, 2020"
Go! Go! Cory Carson: The Chrissy,Animation,"May 1, 2020"
Unbreakable Kimmy Schmidt: Kimmy vs. the Reverend,Comedy/Interactive fiction,"May 12, 2020"
True: Rainbow Rescue,Animation,"June 2, 2020"
Dragons: Rescue Riders: Secrets of the Songwing,Animation,"July 24, 2020"
Sugar High,Baking competition,"July 31, 2020"
Super Monsters: The New Class,Animation,"August 1, 2020"
A Go! Go! Cory Carson Summer Camp,Animation,"August 4, 2020"
Malibu Rescue: The Next Wave,Comedy,"August 4, 2020"
The Magic School Bus Rides Again: Kids in Space,Animation,"August 7, 2020"
Making The Witcher,Making-of,"August 26, 2020"
True: Friendship Day,Animation,"September 1, 2020"
The Boss Baby: Get That Baby!,Animation/interactive fiction,"September 1, 2020"
A Go! Go! Cory Carson Halloween,Animation,"October 2, 2020"
StarBeam: Halloween Hero,Animation,"October 6, 2020"
Super Monsters: Dia de los Monsters,Animation,"October 9, 2020"
The Magic School Bus Rides Again: The Frizz Connection,Animation,"October 20, 2020"
Dragons: Rescue Riders: Huttsgalor Holiday,Animation,"November 24, 2020"
A Go! Go! Cory Carson Christmas,Animation,"November 27, 2020"
Chico Bon Bon and the Very Berry Holiday,Animation,"December 3, 2020"
Captain Underpants: Mega Blissmas,Animation,"December 4, 2020"
Mighty Express: A Mighty Christmas,Animation,"December 5, 2020"
Spirit Riding Free: Ride Along Adventure,Animation/interactive fiction,"December 8, 2020"
Super Monsters: Santa's Super Monster Helpers,Animation,"December 8, 2020"
A Trash Truck Christmas,Animation,"December 11, 2020"
The Netflix Afterparty: The Best Shows of the Worst Year,Aftershow,"December 13, 2020"
An Unremarkable Christmas,Spanish language comedy,"December 17, 2020"
The Magic School Bus Rides Again: In the Zone,Animation,"December 26, 2020"
Cobra Kai - The Afterparty,Aftershow,"January 2, 2021"
Creating The Queen's Gambit,Making-of,"January 8, 2021"
Bridgerton - The Afterparty,Aftershow,"January 23, 2021"
Bling Empire - The Afterparty,Aftershow,"January 30, 2021"
Animals on the Loose: A You vs. Wild Interactive Movie,Reality television/Interactive fiction,"February 16, 2021"
Fate: The Winx Saga - The Afterparty,Aftershow,"February 20, 2021"
Ginny & Georgia - The Afterparty,Aftershow,"February 26, 2021"
The Last Kids on Earth: Happy Apocalypse to You,Animation/Interactive fiction,"April 6, 2021"
Dad Stop Embarrassing Me! - The Afterparty,Aftershow,"April 16, 2021"
Shadow and Bone - The Afterparty,Aftershow,"April 24, 2021"
The Circle - The Afterparty,Aftershow,"May 7, 2021"
The Upshaws - The Afterparty,Aftershow,"May 14, 2021"
Super Monsters: Once Upon a Rhyme,Animation,"June 1, 2021"
Trese After Dark,Aftershow,"June 10, 2021"
Headspace: Unwind Your Mind,Documentary/Interactive fiction,"June 15, 2021"
The House of Flowers: The Movie,Comedy,"June 23, 2021"
Kingdom: Ashin of the North,Period horror thriller,"July 23, 2021"
You vs. Wild: Out Cold,Interactive reality,"September 14, 2021"
A StoryBots Space Adventure,Animation,"September 15, 2021"
Go! Go! Cory Carson: Chrissy Takes the Wheel,Animation,"September 21, 2021"
Making The Billion Dollar Code,Making-of,"October 10, 2021"
Sharkdog's Fintastic Halloween,Animation,"October 15, 2021"
Johnny Test's Ultimate Meatloaf Quest,Animation/Interactive,"November 16, 2021"
Waffles + Mochi's Holiday Feast,Cooking show,"November 23, 2021"
StarBeam: Beaming in the New Year,Animation,"December 14, 2021"
Making The Witcher: Season 2,Making-of,"December 17, 2021"
The Witcher Bestiary Season 1 Part 1,Clipshow,"December 17, 2021"
The Witcher Bestiary Season 1 Part 2,Clipshow,"December 17, 2021"
The Witcher: Fireplace,Yule log,"December 17, 2021"
The Witcher Season One Recap: From the Beginning,Clipshow,"December 17, 2021"
The Witcher: Characters of the Continent,Making-of,"December 17, 2021"
Mighty Express: Train Trouble,Animation,"January 18, 2022"
A Farewell to Ozark,Making-of,"April 22, 2022"
Larva Pendant,Animation/interactive fiction,"May 25, 2022"
Mighty Little Bheem: I Love Taj Mahal,Animation,"May 30, 2022"
Ranveer vs. Wild with Bear Grylls,Interactive reality,"July 8, 2022"
The Witcher Bestiary Season 2,Clipshow,"August 23, 2022"
Jurassic World Camp Cretaceous: Hidden Adventure,Animation/Interactive fiction,"November 15, 2022"
Making 1899,Making-of,"November 17, 2022"
The Action Pack Saves Christmas,Animation,"November 28, 2022"
Mighty Express: Mighty Trains Race,Animation,"December 5, 2022"
The Boss Baby: Christmas Bonus,Animation,"December 6, 2022"
My Next Guest with David Letterman and Volodymyr Zelenskyy,Talk show,"December 12, 2022"
Who Killed Santa? A Murderville Murder Mystery,Crime improv comedy,"December 15, 2022"
Making The Witcher: Blood Origin,Making-of,"December 25, 2022"
Copenhagen Cowboy: Nightcall with Nicolas Winding Refn,Behind the scenes,"January 31, 2023"
Making Transatlantic,Making-of,"April 7, 2023"
The Last Kingdom: Seven Kings Must Die,Historical drama,"April 14, 2023"
13 Reasons Why: Beyond the Reasons,Aftershow/Interview,"March 31, 2017"
Beyond Stranger Things,Aftershow,"October 27, 2017"
Dance & Sing with True,Animation,"May 18, 2018"
Super Monsters Monster Party,Animation,"September 14, 2018"
Nailed It! Holiday,Reality competition,"December 7, 2018"
Super Monsters Monster Pets,Animation,"June 7, 2019"
True Tunes,Animation,"July 12, 2019"
Mighty Little Bheem: Diwali,Animation,"October 18, 2019"
Queer Eye: We're in Japan!,Reality television,"November 1, 2019"
Mighty Little Bheem: Festival of Colors,Animation,"March 5, 2020"
True: Terrific Tales,Animation,"May 12, 2020"
Word Party Songs,Animation,"August 7, 2020"
Game On: A Comedy Crossover Event,Comedy,"August 10, 2020"
The Witcher: A Look Inside the Episodes,Making-of,"September 2, 2020"
Rhyme Time Town Singalongs,Animation,"December 22, 2020"
Mighty Little Bheem: Kite Festival,Animation,"January 8, 2021"
Lava Ka Dhaava,Game show,"May 5, 2021"
Elite Short Stories: Guzmán Caye Rebe,Crime teen drama,"June 14, 2021"
Elite Short Stories: Nadia Guzmán,Crime teen drama,"June 15, 2021"
Elite Short Stories: Omar Ander Alexis,Crime teen drama,"June 16, 2021"
Elite Short Stories: Carla Samuel,Crime teen drama,"June 17, 2021"
Revelations: The Masters of the Universe Revelation Aftershow,Aftershow,"July 23, 2021"
The Ingenuity of the Househusband,Comedy,"August 29, 2021"
Money Heist: From Tokyo to Berlin,Docu-series,"September 3, 2021"
Blown Away: Christmas,Reality show,"November 19, 2021"
Elite Short Stories: Phillipe Caye Felipe,Crime teen drama,"December 15, 2021"
Elite Short Stories: Samuel Omar,Crime teen drama,"December 20, 2021"
Elite Short Stories: Patrick,Crime teen drama,"December 23, 2021"
Karma's World Music Videos,Animation,"February 24, 2022"
Bad Samaritans,Comedy,"March 31, 2013"
Ask the StoryBots Korea Edition,Animation,"May 5, 2021"
Juanpis González: The Series,Comedy,"January 19, 2022"
Pedal to Metal,Action,"March 16, 2022"
Russell Peters Vs. the World,Docuseries,"October 14, 2013"
Exatlon,Reality competition,"July 3, 2020"
